EMAIL,PASSWORD
ynunez@example.net,ME58OVgOX@
mariah09@example.com,#p1Whji5dn
thomasthomas@example.org,4oU14F!5t#
yeseniagonzales@example.net,1mML$0Hi5&
areynolds@example.net,IWJ#2jWmy3
butlerchristopher@example.com,FJE%2hCqMJ
amorse@example.org,&n0cGP#kLv
christina54@example.net,_2hQ$rsokb
leahmartin@example.net,6%8RKKvW1h
diazpamela@example.org,J$q7BDOhHf
EMAIL,PASSWORD
turnerhenry@example.com,M7(I9Yye!I
fharris@example.net,U#8WkhW#Kj
ihayes@example.net,fcw9hRiG#C
martinezjonathan@example.net,%(c3%J1pCJ
joshuaflores@example.net,&w67LezVXU
seanbrown@example.net,oa(8oGg@G*
tamara39@example.org,3d1*QN3o^_
lewisjason@example.net,)6V(j+$lnY
sydneykramer@example.org,fp7mF2xM(x
utorres@example.net,zU4$K*Ko)V
EMAIL,PASSWORD
sshaw@example.org,m@q6_AgFg_
wsingleton@example.org,u$Nx1L8xA1
marc56@example.org,(n2DwGDQx2
figueroalaura@example.net,!YowfEWk#9
destes@example.net,n6Gn*t*t+U
ricerobert@example.net,fPsp3@Kq$!
emily21@example.net,v67TEVl(($
amy38@example.net,aZQ$tv+%+8
davidsmith@example.net,#g1YKzuDmo
ashleygonzalez@example.net,(w@G#R3k5F
EMAIL,PASSWORD
andrew13@example.net,4FL0PSpa&D
broberts@example.com,KRr8BcSb(2
tpeterson@example.net,4acKm5pd$F
morganrodney@example.org,ls8L1vp2_p
marywalton@example.com,&0FjDu$QTK
annettepatel@example.net,!Q7Ef)9RO0
summersbrandon@example.com,_mFI6$p#&1
jeanette22@example.net,40rMxK)p_a
tinabailey@example.net,OY9LaW@&#$
xfreeman@example.net,!4g%Uo$C9c
EMAIL,PASSWORD
aguilareric@example.com,&7UOdYbx2c
zyoder@example.net,#7+*Oqv^+Q
katieanderson@example.org,+HOKxtdm)3
buckleylauren@example.org,u3WTW@cz+7
knightdavid@example.org,*SPE6@fR+3
karasutton@example.net,g#g+7SkiY)
dillonpam@example.org,&1UJ1ob6*7
laurabowman@example.net,&%7(09CpnJ
zwilliams@example.com,@$2Rte$0$5
gnavarro@example.net,C(9VCSPc_0
EMAIL,PASSWORD
tsmith@example.com,(4^kLE&vw4
rickeyruiz@example.com,j7S7%!&f^w
kimberly26@example.net,z9V#iPa3*9
youngdavid@example.com,*+AB&mBM)0
warrenelizabeth@example.com,H)U_T4OsN)
michaelkennedy@example.com,pVBQlG4!&8
zcalderon@example.net,54O9NqVP)Z
proman@example.net,5*dr1YIw+n
braddawson@example.com,)17&Fxlw^0
bruce33@example.net,b(HgAoOx)0
EMAIL,PASSWORD
amorse@example.net,to4uXQHP^&
davisdaniel@example.com,^aJgCu^@b4
norrisdylan@example.org,4bof#Kb8)(
aclayton@example.com,cPr$07wqO(
jesusbrewer@example.net,C_8$iuDhL4
rfoley@example.com,ztWjQqd++1
pattersonbob@example.net,%GnPpP0EA3
phernandez@example.org,9bX$NCjl_h
wilkersoncollin@example.org,()z79kZj(V
steven52@example.com,$9X4+POh&D
EMAIL,PASSWORD
wendy26@example.com,mcDT$nTa_9
wwilliams@example.org,QK7rIlJb)1
rosspaula@example.net,NW_7LIbTNr
tara36@example.net,%9_JM0AbBt
edward75@example.org,Z+ePKnxQ(3
diazsydney@example.org,%PY@bYufO8
joshua05@example.org,)sS51b6jG0
ryanbryant@example.com,z$^HINt(%9
asantana@example.net,!eQXgUNku9
obrown@example.net,%239J*x!#E
EMAIL,PASSWORD
phillipsjoanne@example.org,_f27ZzhY&*
douglas54@example.com,*1O4FR^2nP
williamsanchez@example.org,oN6un0Lv(Z
dkline@example.net,(tRb7OBEj0
xcurtis@example.org,eV0dWwDg^O
frederickhughes@example.com,1Q8&UYzTI*
santosjoan@example.net,$Sv9NkRL#T
tyler61@example.com,$B%8yQEztn
davidhill@example.org,v4)O1H9t*t
ianrobinson@example.org,+FPUj#eR(2
EMAIL,PASSWORD
david01@example.org,#Rg7awwl1!
randrews@example.org,2$)9Z_uzz4
gomezelizabeth@example.net,7f^2Ydc_Y*
owagner@example.net,(52wZPFm5^
courtney61@example.com,&2eEF&LWrp
barry37@example.com,(HLk4Zhu)8
igutierrez@example.com,o58qG0oi+&
dominiquejefferson@example.org,5z_RjpVb&3
lhill@example.org,(46xCw%6*T
vasquezsara@example.org,&1DziuSX)q
EMAIL,PASSWORD
fthompson@example.com,F4uTU7qg*B
nicholas07@example.net,6ocOYgjN)0
clarkrachel@example.net,&03PMd2h19
scottanderson@example.net,L_)F9a7tGZ
thomaswhite@example.com,^eQWosJLN2
matthew82@example.net,1#d2Sukn#S
qmartinez@example.net,(fAs$NeP%8
frank61@example.com,G@3BP$f@o6
anthonybeltran@example.com,j@6ZlXmr#$
harpermelissa@example.org,*gQi(Ju665
EMAIL,PASSWORD
blakejose@example.net,*1TWCo3PY)
jbond@example.net,_C0T#ojs&i
sandersandrew@example.com,!4&6HFhwxx
bauerderrick@example.com,*RFrpx7&Q4
sabrinasanchez@example.com,v9F4f(Vv*%
walter18@example.com,#P2_W!Vmc3
piercejoseph@example.net,xVC5JCdrC_
ugarner@example.com,Jf1R8Lt*N(
ebonyroberts@example.org,T8s79U&ws@
houstonangie@example.org,rc4WYi&8L%
EMAIL,PASSWORD
williambean@example.org,&%gwI8KVwn
gary99@example.org,!7YxcPHYXc
perryheather@example.com,)Q(94Q@z0r
bbrewer@example.org,6_$Yy2VnFo
jenniferwhite@example.com,2@q1BDf!B&
jeremy62@example.com,600XAJmz&E
williamscarla@example.net,j8cSzgRx*9
greenmarcus@example.org,7m0(EjuL+r
roger72@example.com,QL!A5Mzi&8
twhite@example.org,U^1Drai1kB
EMAIL,PASSWORD
alexanderdudley@example.com,C!X29J9g9D
porteranna@example.com,olK^Zy)(+2
benjamin53@example.net,%%R0VbVUig
andrewroberts@example.net,@NEI5h9R36
torresemily@example.com,i%8MQaOkn@
blakedavis@example.org,^L6Z$gXN3k
eatonmckenzie@example.org,z^1Q$QbvT3
velasquezmike@example.net,&y&Y4SpVc@
hshepherd@example.net,iH0T%ygB!I
michael68@example.net,(4pGx2R(Dk
EMAIL,PASSWORD
nelsonkaren@example.net,aQ5UzqJn3!
grahammatthew@example.net,%JlipTjl7q
joseph24@example.com,gAS8BisN_K
fzamora@example.org,V7r+_Mxw)B
catherinesmith@example.com,Zk0gB5Cyj$
nclements@example.com,GVg3X%bdr&
brodriguez@example.org,iVA4uYpw$Q
colejohn@example.org,!mqz#CdOR6
philipking@example.net,9kNGeJ(+%L
avilalauren@example.com,s4HV8k_Y!u
EMAIL,PASSWORD
huertalinda@example.com,Ru*68ZyK4j
jmyers@example.net,(PDeijvi+8
jasminschmidt@example.net,Mlv4XUWu&*
tabbott@example.net,@)0wCz3OBs
lori04@example.org,%0JdIyVdOH
william06@example.com,67Hosq0J_6
shawjeff@example.net,q%0VJI5zSc
ibarton@example.org,#!A0vJiZE4
roberthernandez@example.net,7bGjju$Y_N
jesse12@example.com,$w$LVrpXg2
EMAIL,PASSWORD
christian88@example.net,u2c9_DCr%4
victoria51@example.org,R4HcMq8q_*
steven70@example.net,U1oDsJQU_n
ejackson@example.com,M@dBf2Aml_
wayne57@example.org,8s$8FXNf*n
valerie72@example.net,g8HVhWWH@@
velazquezsherry@example.org,&kQn3nsp2J
abaldwin@example.org,2dZ9KWHv)v
khuber@example.com,D&18E0FxEF
cblack@example.org,+*97ICleQj
EMAIL,PASSWORD
cowens@example.com,84lIMyug&T
baguilar@example.org,TQRfeBPI(4
istewart@example.net,@(m1AGuY&_
deborahcampos@example.com,#5TKp6we+4
ilowe@example.org,^8KYa3JJ+O
sarahburnett@example.com,!3femZpYFW
dli@example.com,FP*J@8UmA)
sarahwood@example.org,fm!y3VUcps
oanderson@example.org,eH73VVna$q
zsummers@example.net,#IT8tudn$4
EMAIL,PASSWORD
sroberts@example.org,R!^y6Ok8vK
yanderson@example.net,sg7s7WUbH*
elizabethtate@example.net,)3L1Wu%jQU
wwright@example.net,0sYlS8m7$2
nscott@example.org,50Yy6C9xi%
mnguyen@example.com,@7HlopT@bi
briancaldwell@example.org,8)%&87ZKcx
emilybutler@example.com,#1l1Mcae#1
traviscynthia@example.com,*0TmB6CsgK
carloswallace@example.net,418D+IsN*U
EMAIL,PASSWORD
sandrahanson@example.net,0WDV$!oy@6
diana76@example.net,!oB)9O)Qa3
stacy30@example.org,$Qp6DCizlM
vjones@example.com,IFZ2RdyDu_
stanley76@example.net,@+9KL&TzV_
pinedabonnie@example.com,#QK9WFug$E
zscott@example.com,D#)7J3gg(D
gcarter@example.net,dd6lgMUv@g
qsuarez@example.org,h+O)HIig@2
thomas50@example.com,rcld4Deiq$
EMAIL,PASSWORD
kyle99@example.com,+6jDG_Sh5C
fergusonchristopher@example.org,G90TRt0c*S
baileyrobert@example.org,^7YpZlG718
adamscarlos@example.com,Si9YWCorV!
margaretortiz@example.com,Ngd97Wkh_X
vmartin@example.org,*k7hVU1x%p
ochoi@example.org,%lwEOMv&5P
emma12@example.com,iqc7RNxdo%
coffeysteven@example.net,(o9hM(%e9b
ethornton@example.com,I46X2UCgv+
EMAIL,PASSWORD
brandonrodriguez@example.net,V@6OT$eHW#
jacksonderrick@example.org,!18EnmT_*+
michelle99@example.com,dqL3uVqQ)5
pfox@example.com,e^G4P4Sagn
nathan41@example.org,B%%9Z3E3Rf
melissawilliams@example.net,VL3PFPpkm^
lewisjohn@example.net,tnzum!IZ!7
torresbrandi@example.com,r(6BaoaV48
igould@example.com,u4CK0MmP&u
matthew72@example.com,do9nK0EDj_
EMAIL,PASSWORD
lynchcarlos@example.org,I4YKVmiu^o
robinsmith@example.net,3cs3+YMb(U
brandon06@example.net,+njR6TqlwJ
kristin95@example.com,@TTW(_ocZ7
sandra00@example.org,$80V)OihRu
zgonzalez@example.net,Rx#+8JiZb7
brownemily@example.net,Y&7yaUGkgT
ericstrickland@example.org,F^6TCKbAxw
brownrobert@example.net,_VuFTwx!3b
daniel44@example.net,^1C3GWq02g
EMAIL,PASSWORD
kmoore@example.net,R6WMVXIz*o
ygarcia@example.com,wER3pCjH)0
westadam@example.org,p_03FcXbZM
mlarsen@example.net,w^9TOdju3*
katherine09@example.org,)30z$hPVWv
valenzuelamark@example.com,@eiG^0i!9t
michelle62@example.com,*K6CeFhq@(
alex96@example.net,JqC5rTvp)2
douglasjackson@example.org,+rx34J&vfx
mduke@example.org,GD@94X*z2@
